filename,age
part1/others/1_1_4_20161221195449497.jpg,1
part1/others/32_1_4_20170103225837104.jpg,32
part2/others/18_1_4_20170116211941006.jpg,18
part2/others/24_0_4_20170117145146997.jpg,24
part2/others/24_1_4_20170117194848067.jpg,24
part2/others/35_1_4_20170117121903506.jpg,35
part2/others/24_1_4_20170117194806829.jpg,24
part2/others/24_1_4_20170117194850412.jpg,24
part1/others/1_1_4_20161221201852145.jpg,1
part1/others/2_1_4_20161221202428169.jpg,2
part1/others/25_1_4_20170103223548135.jpg,25
part1/others/29_1_4_20170104165318736.jpg,29
part1/others/32_0_4_20170104172421138.jpg,32
part1/others/16_0_4_20170102234702965.jpg,16
part2/others/22_1_4_20170117193939053.jpg,22
part2/others/27_1_4_20170117164636325.jpg,27
part1/others/63_1_4_20170110180156105.jpg,63
part1/others/22_1_4_20170103223042983.jpg,22
part2/others/20_1_4_20170117193608005.jpg,20
part1/others/26_0_4_20170103235546910.jpg,26
part1/others/25_1_4_20170103233749355.jpg,25
part2/others/50_0_4_20170117204204793.jpg,50
part1/others/22_1_4_20170103223405215.jpg,22
part1/others/1_0_4_20161221193604223.jpg,1
part1/others/38_0_4_20170109013315959.jpg,38
part1/others/6_1_4_20170103212222820.jpg,6
part1/others/1_0_4_20161221201454961.jpg,1
part2/others/26_0_4_20170117154033686.jpg,26
part1/others/20_1_4_20170103225040370.jpg,20
part2/others/35_1_4_20170117193701109.jpg,35
part2/others/30_1_4_20170117092306526.jpg,30
part3/others/31_0_4_20170117123923204.jpg,31
part1/others/30_1_4_20170104171702193.jpg,30
part1/others/36_1_4_20170105001244316.jpg,36
part1/others/40_0_4_20170104192730423.jpg,40
part1/others/5_1_4_20161221193338973.jpg,5
part2/others/24_1_4_20170117194854468.jpg,24
part2/others/35_0_4_20170117181019980.jpg,35
part1/others/28_1_4_20170103230506947.jpg,28
part1/others/4_1_4_20161223230058516.jpg,4
part1/others/18_0_4_20170104011044048.jpg,18
part1/others/30_0_4_20170104170526912.jpg,30
part1/others/39_0_4_20170104000800885.jpg,39
part1/others/1_0_4_20161221202008129.jpg,1
part1/others/3_1_4_20161221192908158.jpg,3
part1/others/52_1_4_20170104185604990.jpg,52
part1/others/40_1_4_20170109003506229.jpg,40
part2/others/35_0_4_20170116212042685.jpg,35
part2/others/26_0_4_20170117153015117.jpg,26
part1/others/1_0_4_20170103205301842.jpg,1
part1/others/21_1_4_20170103223204087.jpg,21
part1/others/1_1_4_20161221193743543.jpg,1
part2/others/22_1_4_20170117145350418.jpg,22
part1/others/1_0_4_20161221192604164.jpg,1
part2/others/22_1_4_20170117193958245.jpg,22
part2/others/37_1_4_20170116002040232.jpg,37
part1/others/3_1_4_20170104005006111.jpg,3
part1/others/34_0_4_20170105172324413.jpg,34
part1/others/19_1_4_20170103233712235.jpg,19
part1/others/1_1_4_20170103210736044.jpg,1
part1/others/24_1_4_20170103212924934.jpg,24
part2/others/26_1_4_20170117174153056.jpg,26
part2/others/25_0_4_20170113133224545.jpg,25
part1/others/2_1_4_20161221195057952.jpg,2
part2/others/25_1_4_20170117193933452.jpg,25
part1/others/21_0_4_20170103223143358.jpg,21
part1/others/39_1_4_20170105001146812.jpg,39
part2/others/53_0_4_20170117204252600.jpg,53
part2/others/29_1_4_20170113011257168.jpg,29
part1/others/2_0_4_20161221202356481.jpg,2
part2/others/5_1_4_20170116232419298.jpg,5
part1/others/17_1_4_20170103201513799.jpg,17
part2/others/55_0_4_20170117204624770.jpg,55
part1/others/29_0_4_20170104200625561.jpg,29
part1/others/1_1_4_20170103210113314.jpg,1
part1/others/34_1_4_20170103230444089.jpg,34
part2/others/28_1_4_20170117202606048.jpg,28
part1/others/16_1_4_20170103201023166.jpg,16
part1/others/53_0_4_20170104212427149.jpg,53
part1/others/2_1_4_20170103202730376.jpg,2
part2/others/24_1_4_20170117194829684.jpg,24
part1/others/27_1_4_20170103234931350.jpg,27
part1/others/8_1_4_20170109202334991.jpg,8
part1/others/1_1_4_20170103204831032.jpg,1
part2/others/49_0_4_20170117190551451.jpg,49
part1/others/8_1_4_20161223230041764.jpg,8
part2/others/36_0_4_20170117183809714.jpg,36
part1/others/39_0_4_20170104200746817.jpg,39
part1/others/13_1_4_20170103201542217.jpg,13
part2/others/29_0_4_20170114033029580.jpg,29
part1/others/1_0_4_20161221192552629.jpg,1
part1/others/16_1_4_20170103233406635.jpg,16
part2/others/51_1_4_20170117123956403.jpg,51
part2/others/35_1_4_20170117201754494.jpg,35
part2/others/27_0_4_20170113133316808.jpg,27
part1/others/25_1_4_20161221193646742.jpg,25
part1/others/41_0_4_20170111181750392.jpg,41
part1/others/2_1_4_20161221201717930.jpg,2
part2/others/25_0_4_20170117144100122.jpg,25
part1/others/21_1_4_20170103230000841.jpg,21
part1/others/39_0_4_20170104205601141.jpg,39
part1/others/2_1_4_20161221202934121.jpg,2
part2/others/42_1_4_20170117171425948.jpg,42
part1/others/48_0_4_20170104211610652.jpg,48
part1/others/39_1_4_20170103163548640.jpg,39
part1/others/6_1_4_20161221193229605.jpg,6
part1/others/36_0_4_20170104000906228.jpg,36
part1/others/1_0_4_20161221202848809.jpg,1
part1/others/10_0_4_20170103212521420.jpg,10
part1/others/45_0_4_20170104200726522.jpg,45
part2/others/26_1_4_20170117174505182.jpg,26
part2/others/45_0_4_20170117202920775.jpg,45
part1/others/3_1_4_20170103210847515.jpg,3
part2/others/30_0_4_20170117151010732.jpg,30
part1/others/28_1_4_20170103225950647.jpg,28
part1/others/10_0_4_20170103202338152.jpg,10
part2/others/23_1_4_20170117194311620.jpg,23
part1/others/46_1_4_20170104172709843.jpg,46
part1/others/2_0_4_20161221192934773.jpg,2
part2/others/37_0_4_20170117140108503.jpg,37
part1/others/27_1_4_20170103210539730.jpg,27
part1/others/57_0_4_20170105171850037.jpg,57
part1/others/49_1_4_20170104235649484.jpg,49
part2/others/23_1_4_20170117194319028.jpg,23
part1/others/21_0_4_20161223214837442.jpg,21
part1/others/6_1_4_20161221193543388.jpg,6
part3/others/31_0_4_20170120133240958.jpg,31
part2/others/35_1_4_20170117203419569.jpg,35
part1/others/65_0_4_20170109005604594.jpg,65
part1/others/14_1_4_20170103233153851.jpg,14
part1/others/11_0_4_20170103200621488.jpg,11
part1/others/15_0_4_20170103233214059.jpg,15
part2/others/30_0_4_20170117202832830.jpg,30
part2/others/43_1_4_20170117185935802.jpg,43
part2/others/55_1_4_20170117203853447.jpg,55
part1/others/1_0_4_20170103202401551.jpg,1
part1/others/35_0_4_20170104000753052.jpg,35
part1/others/18_1_4_20170103222949566.jpg,18
part1/others/32_0_4_20170104204203947.jpg,32
part3/others/28_0_4_20170116021158408.jpg,28
part1/others/24_0_4_20170103210052027.jpg,24
part2/others/59_0_4_20170117172237604.jpg,59
part2/others/26_0_4_20170117200102299.jpg,26
part1/others/24_1_4_20170103224843361.jpg,24
part2/others/38_1_4_20170117203741155.jpg,38
part1/others/4_1_4_20170103210349522.jpg,4
part1/others/24_0_4_20161219192105922.jpg,24
part1/others/39_1_4_20170104201147354.jpg,39
part2/others/42_0_4_20170117142732651.jpg,42
part2/others/24_1_4_20170117194821716.jpg,24
part1/others/12_0_4_20170103201607807.jpg,12
part1/others/26_0_4_20170103235328516.jpg,26
part1/others/2_0_4_20161221202515441.jpg,2
part2/others/26_0_4_20170117172722652.jpg,26
part1/others/22_1_4_20170103223649399.jpg,22
part3/others/24_1_4_20170117010442715.jpg,24
part1/others/20_1_4_20170103230550945.jpg,20
part2/others/35_0_4_20170117130521027.jpg,35
part1/others/21_0_4_20161223214802865.jpg,21
part1/others/47_0_4_20170104002132109.jpg,47
part2/others/26_1_4_20170117154131789.jpg,26
part1/others/28_1_4_20170104165215184.jpg,28
part2/others/28_0_4_20170113150805663.jpg,28
part1/others/1_1_4_20161221200103831.jpg,1
part1/others/1_1_4_20170103212217155.jpg,1
part1/others/3_1_4_20170103234200795.jpg,3
part1/others/1_1_4_20161221202018329.jpg,1
part1/others/1_0_4_20170103202412648.jpg,1
part1/others/1_0_4_20161221193446478.jpg,1
part1/others/1_1_4_20170109193346573.jpg,1
part2/others/26_1_4_20170117153836846.jpg,26
part2/others/26_0_4_20170117195657219.jpg,26
part2/others/23_0_4_20170117194045437.jpg,23
part1/others/25_1_4_20170103212758572.jpg,25
part2/others/54_0_4_20170117171439011.jpg,54
part1/others/16_1_4_20170104011755640.jpg,16
part1/others/21_1_4_20170103225014665.jpg,21
part1/others/6_1_4_20161223232234756.jpg,6
part1/others/1_0_4_20161221202305778.jpg,1
part2/others/27_0_4_20170113134023216.jpg,27
part2/others/36_0_4_20170117183138902.jpg,36
part2/others/24_0_4_20170117194332787.jpg,24
part1/others/1_0_4_20170103210958819.jpg,1
part2/others/45_0_4_20170117194230527.jpg,45
part2/others/26_1_4_20170117201645720.jpg,26
part1/others/24_1_4_20170103224348784.jpg,24
part2/others/35_0_4_20170117152542891.jpg,35
part1/others/20_1_4_20170103233719339.jpg,20
part1/others/1_0_4_20161221202458409.jpg,1
part1/others/21_1_4_20170103224438000.jpg,21
part1/others/41_0_4_20170104205417148.jpg,41
part1/others/2_1_4_20170103213232676.jpg,2
part1/others/1_1_4_20161221202159241.jpg,1
part2/others/24_0_4_20170117145745474.jpg,24
part1/others/16_0_4_20170110232131606.jpg,16
part1/others/14_1_4_20170103201225838.jpg,14
part1/others/32_1_4_20170103230317985.jpg,32
part2/others/20_1_4_20170117192614487.jpg,20
part2/others/35_0_4_20170117153804765.jpg,35
part2/others/26_1_4_20170117174527047.jpg,26
part2/others/27_0_4_20170117191142869.jpg,27
part3/others/38_0_4_20170116215608653.jpg,38
part1/others/23_1_4_20161223214747066.jpg,23
part2/others/26_1_4_20170116181035930.jpg,26
part2/others/35_1_4_20170117200255252.jpg,35
part1/others/18_1_4_20170103224632313.jpg,18
part1/others/40_0_4_20170104201550378.jpg,40
part1/others/4_1_4_20161223231735684.jpg,4
part1/others/26_0_4_20170108224531895.jpg,26
part1/others/5_0_4_20170103210509634.jpg,5
part2/others/24_0_4_20170117194350012.jpg,24
part1/others/45_0_4_20170104194522552.jpg,45
part1/others/1_1_4_20170103213044557.jpg,1
part1/others/25_0_4_20170103235145124.jpg,25
part1/others/1_1_4_20161221193741869.jpg,1
part1/others/51_1_4_20170103234622539.jpg,51
part2/others/26_0_4_20170117195502469.jpg,26
part2/others/26_1_4_20170117174112221.jpg,26
part2/others/35_1_4_20170117200719931.jpg,35
part2/others/26_1_4_20170117201502838.jpg,26
part2/others/26_1_4_20170117154047070.jpg,26
part1/others/30_1_4_20170103183855083.jpg,30
part2/others/54_0_4_20170117204537409.jpg,54
part1/others/21_0_4_20161223214829361.jpg,21
part2/others/24_1_4_20170117150737098.jpg,24
part1/others/20_1_4_20170103223401848.jpg,20
part1/others/23_1_4_20170103223600551.jpg,23
part1/others/24_1_4_20170105183531601.jpg,24
part1/others/1_0_4_20161221195109583.jpg,1
part1/others/22_0_4_20170104011059408.jpg,22
part1/others/28_0_4_20170105163707258.jpg,28
part1/others/17_0_4_20170103234631508.jpg,17
part1/others/27_0_4_20170105163841596.jpg,27
part1/others/23_0_4_20170103234919628.jpg,23
part1/others/22_0_4_20170103224931632.jpg,22
part1/others/17_1_4_20170103234135204.jpg,17
part2/others/29_0_4_20170117180914972.jpg,29
part2/others/30_0_4_20170117125946865.jpg,30
part1/others/29_1_4_20170103224739152.jpg,29
part1/others/19_1_4_20170109192214298.jpg,19
part2/others/30_1_4_20170117143625216.jpg,30
part2/others/28_0_4_20170117202324814.jpg,28
part1/others/17_0_4_20170102234904707.jpg,17
part1/others/5_1_4_20161221201710702.jpg,5
part2/others/19_0_4_20170117193404789.jpg,19
part1/others/45_0_4_20170104184343710.jpg,45
part1/others/26_1_4_20170103225054720.jpg,26
part1/others/15_0_4_20170103201002253.jpg,15
part1/others/15_0_4_20170104011201568.jpg,15
part1/others/2_1_4_20161221195444552.jpg,2
part1/others/4_1_4_20170103205256107.jpg,4
part1/others/1_1_4_20161221201723169.jpg,1
part1/others/38_0_4_20170104000126452.jpg,38
part2/others/58_0_4_20170117204717713.jpg,58
part2/others/26_1_4_20170117152642036.jpg,26
part1/others/36_1_4_20170105001239982.jpg,36
part1/others/1_0_4_20161219195147803.jpg,1
part1/others/5_1_4_20170103212921764.jpg,5
part2/others/35_0_4_20170117153010428.jpg,35
part1/others/24_1_4_20170103224910931.jpg,24
part2/others/53_1_4_20170117204301062.jpg,53
part2/others/35_1_4_20170116221035151.jpg,35
part1/others/41_1_4_20170104204946628.jpg,41
part1/others/6_0_4_20161221202547897.jpg,6
part1/others/18_1_4_20161221195815432.jpg,18
part1/others/22_1_4_20170103180220911.jpg,22
part1/others/20_1_4_20170103223033527.jpg,20
part1/others/6_1_4_20170103213155772.jpg,6
part1/others/31_1_4_20170103182224513.jpg,31
part2/others/30_0_4_20170117200730006.jpg,30
part1/others/22_1_4_20170104005431327.jpg,22
part1/others/2_1_4_20170103212103556.jpg,2
part1/others/32_1_4_20170104171544210.jpg,32
part1/others/44_0_4_20170104001913293.jpg,44
part1/others/23_0_4_20170102233413972.jpg,23
part2/others/23_0_4_20170117194048925.jpg,23
part2/others/35_0_4_20170117174212110.jpg,35
part1/others/1_1_4_20161221192837420.jpg,1
part1/others/16_1_4_20170103224851136.jpg,16
part1/others/26_0_4_20170103235645596.jpg,26
part2/others/26_1_4_20170117174316560.jpg,26
part1/others/1_1_4_20161221192836205.jpg,1
part1/others/52_0_4_20170111171747383.jpg,52
part2/others/24_1_4_20170117150521764.jpg,24
part1/others/24_1_4_20170103225121913.jpg,24
part1/others/1_1_4_20161221192832972.jpg,1
part1/others/17_1_4_20161223214728028.jpg,17
part1/others/1_0_4_20161221202654538.jpg,1
part2/others/26_1_4_20170117201501054.jpg,26
part1/others/20_1_4_20170103224540624.jpg,20
part1/others/2_0_4_20161221195015399.jpg,2
part1/others/10_0_4_20170103200443015.jpg,10
part1/others/30_1_4_20170105165132148.jpg,30
part1/others/21_1_4_20170103224520560.jpg,21
part1/others/38_0_4_20170103230436562.jpg,38
part2/others/34_0_4_20170117141335902.jpg,34
part1/others/2_0_4_20161221202237961.jpg,2
part1/others/14_1_4_20170103201207132.jpg,14
part1/others/24_0_4_20170103234950908.jpg,24
part2/others/24_1_4_20170117150618462.jpg,24
part2/others/26_0_4_20170117153404221.jpg,26
part1/others/26_0_4_20170105162624331.jpg,26
part2/others/36_0_4_20170117203459599.jpg,36
part2/others/14_0_4_20170113145202254.jpg,14
part1/others/16_1_4_20170104005411807.jpg,16
part2/others/24_1_4_20170117194745325.jpg,24
part1/others/14_1_4_20170103200753206.jpg,14
part1/others/26_1_4_20170103225817689.jpg,26
part2/others/30_0_4_20170117202929576.jpg,30
part1/others/27_1_4_20170103230450385.jpg,27
part2/others/35_0_4_20170117121605150.jpg,35
part2/others/26_0_4_20170117201113262.jpg,26
part1/others/24_0_4_20170103223928055.jpg,24
part2/others/28_0_4_20170116210338902.jpg,28
part1/others/9_0_4_20170110215354740.jpg,9
part1/others/26_1_4_20170103214211386.jpg,26
part1/others/47_0_4_20170104210453028.jpg,47
part2/others/28_1_4_20170117202546775.jpg,28
part1/others/2_0_4_20170103230700225.jpg,2
part2/others/25_0_4_20170117195058860.jpg,25
part1/others/43_0_4_20170104174223892.jpg,43
part2/others/35_0_4_20170117132531670.jpg,35
part2/others/34_0_4_20170117141716057.jpg,34
part1/others/20_1_4_20170105183316775.jpg,20
part1/others/1_1_4_20161221202135073.jpg,1
part1/others/2_1_4_20161221200558048.jpg,2
part2/others/54_0_4_20170117204427774.jpg,54
part1/others/23_1_4_20161223230008236.jpg,23
part1/others/1_0_4_20161221195047839.jpg,1
part2/others/45_0_4_20170117201123717.jpg,45
part1/others/20_1_4_20170103225149441.jpg,20
part2/others/29_0_4_20170116210407115.jpg,29
part1/others/28_0_4_20170103235818508.jpg,28
part2/others/26_0_4_20170117195705718.jpg,26
part1/others/10_0_4_20170103200335831.jpg,10
part1/others/22_1_4_20170103225134240.jpg,22
part1/others/26_0_4_20170103235233157.jpg,26
part1/others/36_1_4_20170105164808838.jpg,36
part2/others/35_1_4_20170117203924087.jpg,35
part1/others/1_1_4_20161221202053505.jpg,1
part1/others/1_0_4_20161221192601052.jpg,1
part1/others/21_1_4_20161221195948192.jpg,21
part2/others/24_0_4_20170117145314932.jpg,24
part1/others/1_0_4_20161221192554517.jpg,1
part1/others/45_0_4_20170104202016610.jpg,45
part1/others/1_1_4_20161223231311515.jpg,1
part1/others/23_0_4_20170103180302079.jpg,23
part1/others/23_1_4_20170103223102032.jpg,23
part1/others/26_0_4_20170103235432764.jpg,26
part2/others/30_1_4_20170117203009657.jpg,30
part1/others/17_0_4_20170103210008641.jpg,17
part1/others/16_0_4_20170110231631592.jpg,16
part2/others/41_1_4_20170116001848468.jpg,41
part1/others/1_1_4_20161221202254377.jpg,1
part2/others/27_0_4_20170117202119374.jpg,27
part1/others/39_1_4_20170104204507323.jpg,39
part1/others/46_0_4_20170104202042473.jpg,46
part2/others/23_1_4_20170117194303197.jpg,23
part2/others/24_1_4_20170117150622299.jpg,24
part1/others/21_0_4_20161223214759249.jpg,21
part2/others/24_0_4_20170117145354835.jpg,24
part1/others/7_1_4_20170104010111013.jpg,7
part1/others/30_1_4_20170103213106156.jpg,30
part1/others/3_1_4_20161221202450265.jpg,3
part2/others/24_0_4_20170117145917765.jpg,24
part1/others/11_1_4_20170103201747167.jpg,11
part2/others/25_1_4_20170117150546627.jpg,25
part2/others/26_0_4_20170117153017629.jpg,26
part2/others/24_0_4_20170117145152514.jpg,24
part1/others/24_1_4_20170103233659572.jpg,24
part1/others/54_0_4_20170103210718779.jpg,54
part1/others/60_1_4_20170103230632265.jpg,60
part1/others/24_1_4_20170103233810029.jpg,24
part2/others/26_1_4_20170117201446708.jpg,26
part1/others/39_0_4_20170104200827073.jpg,39
part1/others/21_0_4_20161223214805057.jpg,21
part1/others/7_1_4_20170103201832231.jpg,7
part1/others/4_1_4_20161221202534346.jpg,4
part1/others/2_0_4_20161221195216736.jpg,2
part1/others/5_1_4_20161219185942044.jpg,5
part1/others/7_1_4_20170103230254954.jpg,7
part1/others/1_1_4_20161221201923657.jpg,1
part1/others/21_0_4_20161223214834033.jpg,21
part1/others/2_1_4_20161221193634726.jpg,2
part2/others/40_0_4_20170116213431880.jpg,40
part1/others/29_1_4_20170103230119816.jpg,29
part1/others/22_1_4_20170103224958800.jpg,22
part2/others/24_0_4_20170117194356247.jpg,24
part1/others/22_1_4_20161223225936076.jpg,22
part1/others/1_0_4_20161221195827599.jpg,1
part1/others/46_0_4_20170103235306699.jpg,46
part2/others/24_1_4_20170116222729168.jpg,24
part2/others/28_1_4_20170117145659083.jpg,28
part1/others/3_0_4_20170103205122074.jpg,3
part1/others/10_0_4_20170103223451479.jpg,10
part1/others/3_1_4_20161221201429017.jpg,3
part2/others/28_1_4_20170117202558575.jpg,28
part1/others/2_0_4_20170103202421392.jpg,2
part2/others/12_1_4_20170117201252893.jpg,12
part1/others/20_1_4_20170103223121735.jpg,20
part1/others/53_0_4_20170109012743281.jpg,53
part2/others/26_0_4_20170117153025829.jpg,26
part1/others/2_1_4_20161221195142095.jpg,2
part1/others/1_0_4_20161221195132783.jpg,1
part1/others/26_1_4_20170103225204177.jpg,26
part1/others/6_1_4_20161221193230469.jpg,6
part1/others/28_0_4_20170103235827230.jpg,28
part1/others/2_0_4_20161221195155711.jpg,2
part1/others/26_0_4_20170103235609892.jpg,26
part1/others/47_0_4_20170104211902412.jpg,47
part1/others/25_1_4_20170103230211911.jpg,25
part1/others/1_1_4_20161221202153553.jpg,1
part2/others/38_1_4_20170117203658976.jpg,38
part2/others/42_0_4_20170113174904299.jpg,42
part1/others/24_1_4_20170103212802644.jpg,24
part1/others/3_1_4_20161221193538039.jpg,3
part2/others/35_0_4_20170117194209748.jpg,35
part1/others/21_1_4_20170103223240255.jpg,21
part1/others/1_0_4_20170103212630716.jpg,1
part2/others/27_0_4_20170117202117229.jpg,27
part1/others/22_1_4_20170103223330567.jpg,22
part1/others/1_0_4_20161221201909505.jpg,1
part2/others/42_0_4_20170117185614642.jpg,42
part1/others/18_1_4_20170103223037503.jpg,18
part1/others/4_1_4_20161221201507280.jpg,4
part2/others/40_0_4_20170117204008359.jpg,40
part1/others/26_1_4_20170103224820592.jpg,26
part1/others/8_1_4_20170104010936352.jpg,8
part1/others/2_1_4_20161221202408818.jpg,2
part2/others/27_0_4_20170117010740316.jpg,27
part2/others/45_0_4_20170117172212027.jpg,45
part2/others/20_0_4_20170117193454180.jpg,20
part1/others/26_1_4_20170103225928346.jpg,26
part1/others/2_0_4_20161221202147913.jpg,2
part1/others/18_1_4_20170103222943622.jpg,18
part2/others/38_0_4_20170117021834297.jpg,38
part2/others/26_0_4_20170117195459004.jpg,26
part1/others/24_0_4_20170102233500506.jpg,24
part2/others/34_0_4_20170117203232496.jpg,34
part1/others/2_1_4_20161221202353640.jpg,2
part1/others/29_1_4_20170103230141555.jpg,29
part1/others/25_1_4_20170103235222492.jpg,25
part2/others/26_1_4_20170117200115644.jpg,26
part2/others/33_0_4_20170117203909214.jpg,33
part1/others/20_1_4_20170103201807368.jpg,20
part2/others/22_1_4_20170117193956629.jpg,22
part1/others/2_1_4_20161221193638214.jpg,2
part1/others/21_0_4_20161223214830361.jpg,21
part2/others/30_0_4_20170116221659118.jpg,30
part1/others/24_1_4_20170103224705429.jpg,24
part2/others/37_0_4_20170116204829478.jpg,37
part1/others/21_0_4_20161223214827816.jpg,21
part1/others/26_0_4_20170103214633693.jpg,26
part2/others/58_0_4_20170117204733657.jpg,58
part2/others/32_0_4_20170117203108807.jpg,32
part2/others/43_1_4_20170117204021688.jpg,43
part2/others/27_0_4_20170117010754780.jpg,27
part1/others/9_1_4_20170103200637399.jpg,9
part1/others/23_1_4_20170103223615095.jpg,23
part1/others/1_1_4_20161221202046857.jpg,1
part1/others/4_1_4_20161221193345109.jpg,4
part1/others/1_0_4_20170103210247922.jpg,1
part2/others/26_1_4_20170117201452666.jpg,26
part1/others/1_1_4_20170103205129266.jpg,1
part2/others/28_0_4_20170116002326539.jpg,28
part1/others/20_0_4_20170103234738979.jpg,20
part1/others/1_0_4_20161221195115664.jpg,1
part2/others/38_1_4_20170117203738528.jpg,38
part1/others/51_0_4_20170104193634471.jpg,51
part1/others/44_0_4_20170103235250676.jpg,44
part1/others/3_1_4_20161221195312639.jpg,3
part2/others/29_1_4_20170117202750455.jpg,29
part1/others/18_1_4_20170109212430115.jpg,18
part1/others/8_1_4_20170109201844552.jpg,8
part1/others/3_1_4_20161221202539569.jpg,3
part2/others/26_0_4_20170117154446109.jpg,26
part2/others/26_0_4_20170117153949109.jpg,26
part1/others/28_1_4_20170103235557846.jpg,28
part1/others/21_1_4_20170103224431735.jpg,21
part1/others/3_0_4_20161221193723542.jpg,3
part2/others/37_0_4_20170116233142186.jpg,37
part1/others/20_1_4_20170103230215713.jpg,20
part1/others/47_0_4_20170103234841372.jpg,47
part1/others/21_0_4_20161223214836609.jpg,21
part1/others/2_1_4_20161221202325137.jpg,2
part2/others/56_0_4_20170117094733987.jpg,56
part2/others/30_0_4_20170117130018135.jpg,30
part1/others/1_1_4_20170103212116187.jpg,1
part1/others/2_0_4_20170103210125060.jpg,2
part1/others/22_1_4_20170103233328523.jpg,22
part1/others/43_0_4_20170104205649403.jpg,43
part1/others/34_1_4_20170103182156641.jpg,34
part1/others/24_1_4_20170103224247127.jpg,24
part1/others/1_1_4_20161221193732358.jpg,1
part1/others/17_1_4_20170102234911226.jpg,17
part1/others/20_1_4_20170103223123528.jpg,20
part1/others/39_0_4_20170104205430619.jpg,39
part2/others/40_0_4_20170117175639103.jpg,40
part1/others/4_1_4_20161221202443265.jpg,4
part2/others/29_1_4_20170117202752934.jpg,29
part1/others/23_1_4_20170103224258631.jpg,23
part2/others/42_0_4_20170117185618130.jpg,42
part2/others/26_0_4_20170117153320853.jpg,26
part2/others/28_1_4_20170117202552000.jpg,28
part1/others/6_1_4_20161223232203348.jpg,6
part1/others/38_1_4_20170109003326675.jpg,38
part1/others/2_1_4_20170103210335629.jpg,2
part1/others/38_1_4_20170104183653741.jpg,38
part1/others/52_0_4_20170104212316604.jpg,52
part2/others/26_1_4_20170117201351845.jpg,26
part1/others/2_1_4_20161221195137728.jpg,2
part1/others/25_0_4_20170103233741427.jpg,25
part1/others/42_0_4_20170104174008963.jpg,42
part1/others/2_1_4_20161221192715844.jpg,2
part3/others/43_0_4_20170117135938595.jpg,43
part1/others/3_0_4_20170103202821873.jpg,3
part2/others/32_1_4_20170113000945786.jpg,32
part1/others/37_0_4_20170104201910626.jpg,37
part1/others/2_1_4_20161221201556929.jpg,2
part1/others/22_1_4_20170103224503415.jpg,22
part1/others/28_1_4_20170109003009492.jpg,28
part1/others/35_1_4_20170104181328997.jpg,35
part1/others/3_1_4_20170103213251308.jpg,3
part2/others/36_1_4_20170113001003592.jpg,36
part1/others/22_1_4_20161221195925096.jpg,22
part2/others/32_1_4_20170117203123744.jpg,32
part1/others/17_0_4_20170103234633420.jpg,17
part1/others/4_0_4_20161221192742413.jpg,4
part1/others/29_0_4_20170103235516820.jpg,29
part1/others/1_0_4_20170103205843434.jpg,1
part1/others/35_0_4_20170104192501919.jpg,35
part2/others/21_1_4_20170117193754349.jpg,21
part3/others/44_1_4_20170116235150272.pg,44
part1/others/2_1_4_20161221202222280.jpg,2
part1/others/35_0_4_20170104201734834.jpg,35
part1/others/26_1_4_20170103235605244.jpg,26
part1/others/6_1_4_20161221195807162.jpg,6
part1/others/76_0_4_20170111222611809.jpg,76
part1/others/23_1_4_20170103223443239.jpg,23
part2/others/28_1_4_20170117202604343.jpg,28
part1/others/15_1_4_20170103201445071.jpg,15
part1/others/50_0_4_20170104210650526.jpg,50
part1/others/22_0_4_20170103201524479.jpg,22
part1/others/4_1_4_20161221193328366.jpg,4
part2/others/18_1_4_20170117140224544.jpg,18
part1/others/22_0_4_20170103235414540.jpg,22
part1/others/29_0_4_20170103235201420.jpg,29
part1/others/27_1_4_20170103230157624.jpg,27
part1/others/26_1_4_20170103213051380.jpg,26
part1/others/5_1_4_20170103212918548.jpg,5
part1/others/7_1_4_20161221193125000.jpg,7
part2/others/24_1_4_20170117150628875.jpg,24
part1/others/32_1_4_20170105164210618.jpg,32
part2/others/26_1_4_20170117200213443.jpg,26
part1/others/26_1_4_20170103234115237.jpg,26
part2/others/28_1_4_20170117202601469.jpg,28
part1/others/24_1_4_20170103223727135.jpg,24
part1/others/50_1_4_20170105173053477.jpg,50
part2/others/29_0_4_20170117180903787.jpg,29
part1/others/8_1_4_20161223232240516.jpg,8
part2/others/30_0_4_20170117202819247.jpg,30
part1/others/21_1_4_20170104005731615.jpg,21
part1/others/38_0_4_20170104174520099.jpg,38
part1/others/26_0_4_20170103235333148.jpg,26
part1/others/31_1_4_20170103230411344.jpg,31
part1/others/4_0_4_20161221202651241.jpg,4
part2/others/45_1_4_20170113011721570.jpg,45
part1/others/15_1_4_20170103233348795.jpg,15
part2/others/47_0_4_20170116030339319.jpg,47
part1/others/1_0_4_20161221192558436.jpg,1
part1/others/24_1_4_20170103233956963.jpg,24
part1/others/21_1_4_20170103233532676.jpg,21
part1/others/28_1_4_20170103235832524.jpg,28
part1/others/41_0_4_20170104202035282.jpg,41
part2/others/25_0_4_20170117193004258.jpg,25
part2/others/26_0_4_20170117195754045.jpg,26
part2/others/25_0_4_20170116001358842.jpg,25
part1/others/1_1_4_20161221200207440.jpg,1
part1/others/20_1_4_20161223230050564.jpg,20
part1/others/1_0_4_20170103210917330.jpg,1
part1/others/22_0_4_20170103224652599.jpg,22
part2/others/26_1_4_20170117201620471.jpg,26
part1/others/35_0_4_20170104165959561.jpg,35
part1/others/2_0_4_20170103202456584.jpg,2
part2/others/28_0_4_20170117202304407.jpg,28
part1/others/5_1_4_20161221193033413.jpg,5
part2/others/25_1_4_20170117193813573.jpg,25
part2/others/26_0_4_20170117200020292.jpg,26
part1/others/26_0_4_20170103235429853.jpg,26
part2/others/25_0_4_20170117195006460.jpg,25
part1/others/18_1_4_20170103223026335.jpg,18
part1/others/15_1_4_20170109212947695.jpg,15
part2/others/1_1_4_20170117192625477.jpg,1
part1/others/26_1_4_20170103224710662.jpg,26
part2/others/38_1_4_20170117203733760.jpg,38
part1/others/32_0_4_20170104181254053.jpg,32
part1/others/21_0_4_20161223214835183.jpg,21
part2/others/28_0_4_20170117202418494.jpg,28
part1/others/4_1_4_20161221193356438.jpg,4
part1/others/26_0_4_20170103235020885.jpg,26
part2/others/25_0_4_20170117195023516.jpg,25
part1/others/21_0_4_20161223214823880.jpg,21
part1/others/1_1_4_20161221195119295.jpg,1
part2/others/50_0_4_20170116224718413.jpg,50
part1/others/16_1_4_20170103233333235.jpg,16
part2/others/22_1_4_20170117143713802.jpg,22
part1/others/1_0_4_20161221202601354.jpg,1
part1/others/52_0_4_20170111201929576.jpg,52
part1/others/2_1_4_20170103210934483.jpg,2
part1/others/18_1_4_20161223230852802.jpg,18
part1/others/51_0_4_20170104210502395.jpg,51
part1/others/1_0_4_20161221193016140.jpg,1
part2/others/26_1_4_20170117201650134.jpg,26
part2/others/28_0_4_20170117190111300.jpg,28
part2/others/32_1_4_20170116201655721.jpg,32
part1/others/22_0_4_20161221202100745.jpg,22
part1/others/2_0_4_20170103211006898.jpg,2
part2/others/37_0_4_20170117135943573.jpg,37
part2/others/26_0_4_20170117200626708.jpg,26
part1/others/15_1_4_20170104005807401.jpg,15
part1/others/8_1_4_20170109202746183.jpg,8
part2/others/26_1_4_20170117154124606.jpg,26
part1/others/24_0_4_20170103234945243.jpg,24
part1/others/18_1_4_20170103234101020.jpg,18
part2/others/25_0_4_20170117195016421.jpg,25
part1/others/1_1_4_20161221193821215.jpg,1
part1/others/29_1_4_20170103180829632.jpg,29
part1/others/10_0_4_20170104010810728.jpg,10
part1/others/1_0_4_20161221202331737.jpg,1
part2/others/22_1_4_20170112233746160.jpg,22
part1/others/26_1_4_20161221193703783.jpg,26
part2/others/31_1_4_20170117203051199.jpg,31
part1/others/15_0_4_20170110232416743.jpg,15
part1/others/6_1_4_20161221200321777.jpg,6
part1/others/28_1_4_20170104000708986.jpg,28
part1/others/26_1_4_20170109002629914.jpg,26
part1/others/24_1_4_20170103230420760.jpg,24
part2/others/35_0_4_20170117142259383.jpg,35
part2/others/26_0_4_20170117152758143.jpg,26
part1/others/4_1_4_20161221201901345.jpg,4
part1/others/1_1_4_20161221193742646.jpg,1
part2/others/26_1_4_20170117201458974.jpg,26
part1/others/21_0_4_20161223214813672.jpg,21
part1/others/22_1_4_20170103223216583.jpg,22
part2/others/26_1_4_20170117201852933.jpg,26
part2/others/26_0_4_20170117152714787.jpg,26
part1/others/12_0_4_20170103205745050.jpg,12
part2/others/26_1_4_20170117174054694.jpg,26
part2/others/26_1_4_20170117201509118.jpg,26
part1/others/15_1_4_20170103201247846.jpg,15
part1/others/30_1_4_20170103225917841.jpg,30
part1/others/31_0_4_20170104200510431.jpg,31
part3/others/29_0_4_20170119170835447.jpg,29
part1/others/1_0_4_20161221201548713.jpg,1
part1/others/45_0_4_20170103235240356.jpg,45
part1/others/1_1_4_20161221201446945.jpg,1
part3/others/33_0_4_20170116220014045.jpg,33
part2/others/31_1_4_20170117203017127.jpg,31
part1/others/26_0_4_20170104200600267.jpg,26
part1/others/32_1_4_20170103230259201.jpg,32
part1/others/58_0_4_20170104212055205.jpg,58
part2/others/25_0_4_20170117151003346.jpg,25
part1/others/2_0_4_20161221192651909.jpg,2
part1/others/21_1_4_20170103180619480.jpg,21
part2/others/27_0_4_20170117202219111.jpg,27
part1/others/29_1_4_20170104165735505.jpg,29
part1/others/1_0_4_20161221200309040.jpg,1
part2/others/24_0_4_20170117145341818.jpg,24
part1/others/5_1_4_20161221201952681.jpg,5
part1/others/1_1_4_20161221202124857.jpg,1
part1/others/30_1_4_20170103230515409.jpg,30
part1/others/4_1_4_20161221201935361.jpg,4
part1/others/2_0_4_20161221192650388.jpg,2
part1/others/1_0_4_20161221195030936.jpg,1
part2/others/25_1_4_20170117152015997.jpg,25
part2/others/24_0_4_20170117145619730.jpg,24
part1/others/39_0_4_20170105172836893.jpg,39
part1/others/26_1_4_20170103235712113.jpg,26
part1/others/1_0_4_20161221195419136.jpg,1
part1/others/24_1_4_20170103223348808.jpg,24
part2/others/26_0_4_20170117200225399.jpg,26
part1/others/15_1_4_20170103200935782.jpg,15
part1/others/4_1_4_20161223230120250.jpg,4
part1/others/1_0_4_20161221202558993.jpg,1
part1/others/27_0_4_20170103235800445.jpg,27
part1/others/28_0_4_20170105183852672.jpg,28
part2/others/26_0_4_20170117153648990.jpg,26
part1/others/24_1_4_20170103212911364.jpg,24
part1/others/2_0_4_20161221192937540.jpg,2
part1/others/24_1_4_20170103223129750.jpg,24
part1/others/2_0_4_20170103205319954.jpg,2
part1/others/1_0_4_20161221201458610.jpg,1
part1/others/19_1_4_20170103224609304.jpg,19
part2/others/28_0_4_20170117202457142.jpg,28
part1/others/1_0_4_20170103202334544.jpg,1
part2/others/26_0_4_20170117152744875.jpg,26
part1/others/22_0_4_20170103234615652.jpg,22
part2/others/26_1_4_20170117200105003.jpg,26
part1/others/32_1_4_20170105164252747.jpg,32
part1/others/30_0_4_20170103230146433.jpg,30
part1/others/9_1_4_20170103200814791.jpg,9
part1/others/21_0_4_20161223214812864.jpg,21
part1/others/54_0_4_20170104212703396.jpg,54
part1/others/21_1_4_20170103223249191.jpg,21
part2/others/28_0_4_20170117020801701.jpg,28
part1/others/3_0_4_20161221200453808.jpg,3
part1/others/7_1_4_20161224001014334.jpg,7
part1/others/4_0_4_20161221195021183.jpg,4
part1/others/2_0_4_20161221202918296.jpg,2
part1/others/15_1_4_20170103201201509.jpg,15
part1/others/8_0_4_20170103200427437.jpg,8
part2/others/27_1_4_20170112234325680.jpg,27
part2/others/30_1_4_20170117203559144.jpg,30
part1/others/32_1_4_20170104000720352.jpg,32
part1/others/31_1_4_20170104165850314.jpg,31
part2/others/24_1_4_20170117150624909.jpg,24
part2/others/53_1_4_20170117204257206.jpg,53
part2/others/28_0_4_20170117180230348.jpg,28
part2/others/33_1_4_20170117200817413.jpg,33
part2/others/28_1_4_20170117202538583.jpg,28
part2/others/28_0_4_20170117202313951.jpg,28
part1/others/2_1_4_20161221195003500.jpg,2
part2/others/55_0_4_20170117203246215.jpg,55
part1/others/47_1_4_20170103234719420.jpg,47
part1/others/17_1_4_20170103222920542.jpg,17
part3/others/26_1_4_20170116220414012.jpg,26
part1/others/29_0_4_20170103235921692.jpg,29
part1/others/31_1_4_20170104165129944.jpg,31
part1/others/2_1_4_20170103212142324.jpg,2
part1/others/28_0_4_20170103213024052.jpg,28
part1/others/24_1_4_20170103224550520.jpg,24
part1/others/40_0_4_20170104202246139.jpg,40
part2/others/33_0_4_20170117201021349.jpg,33
part2/others/36_0_4_20170117140440824.jpg,36
part1/others/26_1_4_20170103224755416.jpg,26
part2/others/35_0_4_20170117153255579.jpg,35
part1/others/40_0_4_20170104210123901.jpg,40
part1/others/24_1_4_20170103234017197.jpg,24
part1/others/30_1_4_20170103182430449.jpg,30
part1/others/25_1_4_20170103180849713.jpg,25
part1/others/1_1_4_20161221202050009.jpg,1
part1/others/30_0_4_20170105170010108.jpg,30
part3/others/31_0_4_20170116214318093.jpg,31
part1/others/2_1_4_20161221195222927.jpg,2
part1/others/21_1_4_20170103223237335.jpg,21
part1/others/8_0_4_20170103201939191.jpg,8
part2/others/41_0_4_20170117022116049.jpg,41
part2/others/26_1_4_20170117185535633.jpg,26
part2/others/30_1_4_20170117202935574.jpg,30
part2/others/34_0_4_20170117130526488.jpg,34
part1/others/10_1_4_20161223225900460.jpg,10
part1/others/2_1_4_20170103213317172.jpg,2
part1/others/33_0_4_20170104172723834.jpg,33
part1/others/3_1_4_20161221193144389.jpg,3
part1/others/26_0_4_20170103235338373.jpg,26
part1/others/22_1_4_20170103233803763.jpg,22
part1/others/51_0_4_20170104211801364.jpg,51
part1/others/27_1_4_20170103175504767.jpg,27
part1/others/26_0_4_20170104165424576.jpg,26
part2/others/23_0_4_20170117194027228.jpg,23
part1/others/16_1_4_20170103201021199.jpg,16
part1/others/10_0_4_20170103201924664.jpg,10
part2/others/26_0_4_20170117200038821.jpg,26
part1/others/15_1_4_20170103233208315.jpg,15
part2/others/22_1_4_20170112233623976.jpg,22
part1/others/39_1_4_20170104172929139.jpg,39
part1/others/26_1_4_20161221193707668.jpg,26
part2/others/23_1_4_20170117194315659.jpg,23
part1/others/24_1_4_20170104005617062.jpg,24
part1/others/52_0_4_20170103183610052.jpg,52
part1/others/1_1_4_20161221201846817.jpg,1
part1/others/2_0_4_20170103210341459.jpg,2
part1/others/10_0_4_20170103200409638.jpg,10
part2/others/35_0_4_20170117172754499.jpg,35
part1/others/3_1_4_20161221192709141.jpg,3
part2/others/26_1_4_20170117174023997.jpg,26
part1/others/1_0_4_20170103210037042.jpg,1
part1/others/31_1_4_20170103230330201.jpg,31
part2/others/31_1_4_20170117203047078.jpg,31
part1/others/28_0_4_20170103235541444.jpg,28
part2/others/35_1_4_20170117201052046.jpg,35
part1/others/1_0_4_20161221195129503.jpg,1
part2/others/25_0_4_20170117151632205.jpg,25
part1/others/21_0_4_20161223214834745.jpg,21
part1/others/21_1_4_20170103233924667.jpg,21
part1/others/42_0_4_20170104185534278.jpg,42
part1/others/28_0_4_20170103235312020.jpg,28
part2/others/36_0_4_20170117203502182.jpg,36
part2/others/24_1_4_20170117150626732.jpg,24
part1/others/25_1_4_20170103225751729.jpg,25
part1/others/64_0_4_20170103184049701.jpg,64
part1/others/37_1_4_20170104170314561.jpg,37
part1/others/14_0_4_20170103200837103.jpg,14
part1/others/24_1_4_20170104005830151.jpg,24
part2/others/48_0_4_20170117204131728.jpg,48
part1/others/9_0_4_20170110225238472.jpg,9
part2/others/20_0_4_20170117193424333.jpg,20
part1/others/2_1_4_20161221201540105.jpg,2
part1/others/33_0_4_20170104172529099.jpg,33
part3/others/34_0_4_20170117163546730.jpg,34
part2/others/27_0_4_20170117202055676.jpg,27
part1/others/4_1_4_20161221195434215.jpg,4
part2/others/26_0_4_20170117195554244.jpg,26
part1/others/13_1_4_20170103212548662.jpg,13
part1/others/35_0_4_20170104011337576.jpg,35
part1/others/24_1_4_20170103223710519.jpg,24
part1/others/22_1_4_20170103223419073.jpg,22
part1/others/21_0_4_20161223214838473.jpg,21
part1/others/8_1_4_20170103200419199.jpg,8
part1/others/23_1_4_20170103233611875.jpg,23
part2/others/55_0_4_20170117193528283.jpg,55
part2/others/26_1_4_20170117200208341.jpg,26
part1/others/25_1_4_20170103224747408.jpg,25
part2/others/40_0_4_20170117145400915.jpg,40
part1/others/1_0_4_20161221201411850.jpg,1
part1/others/32_1_4_20170105162431387.jpg,32
part1/others/49_0_4_20170104000903445.jpg,49
part2/others/23_1_4_20170117194147485.jpg,23
part2/others/23_0_4_20170116221049556.jpg,23
part1/others/1_0_4_20170103202417352.jpg,1
part2/others/31_0_4_20170117020719427.jpg,31
part2/others/25_0_4_20170113133140464.jpg,25
part1/others/53_0_4_20170104184621374.jpg,53
part1/others/26_1_4_20170103213122476.jpg,26
part1/others/32_0_4_20170103235323876.jpg,32
part2/others/25_0_4_20170117193022316.jpg,25
part1/others/2_1_4_20161221202425393.jpg,2
part1/others/4_1_4_20161221202257809.jpg,4
part1/others/1_0_4_20161221195955560.jpg,1
part3/others/28_1_4_20170117120426927.jpg,28
part2/others/36_1_4_20170112234015846.jpg,36
part2/others/26_1_4_20170117195954341.jpg,26
part1/others/58_0_4_20170104212345751.jpg,58
part2/others/35_1_4_20170117203423144.jpg,35
part1/others/25_1_4_20170103224600280.jpg,25
part1/others/30_0_4_20170103235622469.jpg,30
part2/others/25_1_4_20170117150958739.jpg,25
part2/others/28_0_4_20170117202327093.jpg,28
part2/others/27_1_4_20170117202236181.jpg,27
part1/others/25_1_4_20161223214751864.jpg,25
part1/others/39_0_4_20170104202054058.jpg,39
part1/others/3_1_4_20161221192845405.jpg,3
part2/others/20_1_4_20170117193602482.jpg,20
part2/others/6_1_4_20170117193419676.jpg,6
part1/others/34_0_4_20170104201954962.jpg,34
part1/others/16_0_4_20170103233832570.jpg,16
part1/others/2_1_4_20161221192849749.jpg,2
part1/others/16_1_4_20170103234142187.jpg,16
part1/others/2_1_4_20170103202443776.jpg,2
part1/others/22_1_4_20170103223351703.jpg,22
part1/others/14_1_4_20170109205457235.jpg,14
part2/others/28_1_4_20170117202544912.jpg,28
part1/others/24_1_4_20170103234050620.jpg,24
part1/others/84_1_4_20170105001517613.jpg,84
part1/others/26_1_4_20170103230503161.jpg,26
part1/others/1_0_4_20170103202331712.jpg,1
part1/others/26_1_4_20170103225117416.jpg,26
part1/others/20_1_4_20170103233322026.jpg,20
part1/others/2_1_4_20170103205810354.jpg,2
part1/others/18_1_4_20170103201320721.jpg,18
part2/others/50_1_4_20170117204033496.jpg,50
part2/others/42_1_4_20170117203934434.jpg,42
part1/others/2_1_4_20161221202310977.jpg,2
part1/others/12_0_4_20170103200908168.jpg,12
part1/others/1_1_4_20161221192629892.jpg,1
part1/others/22_1_4_20170103212717246.jpg,22
part2/others/33_1_4_20170117174234414.jpg,33
part2/others/24_0_4_20170117145745635.jpg,24
part1/others/24_1_4_20161223231327524.jpg,24
part2/others/26_1_4_20170117201855518.jpg,26
part2/others/26_0_4_20170117152500051.jpg,26
part1/others/2_1_4_20161221203029673.jpg,2
part2/others/35_0_4_20170117194507893.jpg,35
part1/others/1_0_4_20161221202206568.jpg,1
part1/others/2_1_4_20161221201536537.jpg,2
part1/others/25_0_4_20170103235109805.jpg,25
part1/others/35_0_4_20170109001216009.jpg,35
part1/others/36_1_4_20170104172843788.jpg,36
part1/others/6_1_4_20170103230542025.jpg,6
part1/others/11_1_4_20170109201611941.jpg,11
part1/others/1_0_4_20161221192855037.jpg,1
part1/others/28_1_4_20170103235043691.jpg,28
part1/others/42_0_4_20170104202440690.jpg,42
part1/others/39_0_4_20170104183739429.jpg,39
part2/others/26_0_4_20170117153053957.jpg,26
part1/others/26_1_4_20161221193701030.jpg,26
part2/others/27_1_4_20170113011320472.jpg,27
part1/others/27_0_4_20170103235752276.jpg,27
part1/others/1_1_4_20161221193744550.jpg,1
part1/others/2_0_4_20161221202316873.jpg,2
part2/others/36_0_4_20170117203436206.jpg,36
part1/others/4_1_4_20161223225928843.jpg,4
part1/others/50_0_4_20170105173144813.jpg,50
part1/others/35_0_4_20170105162641195.jpg,35
part2/others/21_0_4_20170114030756751.jpg,21
part1/others/47_0_4_20170104210443652.jpg,47
part2/others/25_1_4_20170117151122740.jpg,25
part1/others/15_1_4_20170103230530985.jpg,15
part2/others/27_0_4_20170117012822305.jpg,27
part1/others/28_0_4_20170105163451675.jpg,28
part1/others/18_0_4_20170103201305015.jpg,18
part2/others/36_0_4_20170117012819035.jpg,36
part1/others/15_1_4_20170103233356803.jpg,15
part1/others/8_1_4_20161221202611945.jpg,8
part1/others/21_0_4_20170103230615993.jpg,21
part1/others/59_0_4_20170105173702564.jpg,59
part3/others/45_0_4_20170117130551448.jpg,45
part2/others/35_0_4_20170117204336319.jpg,35
part1/others/1_1_4_20161221201545377.jpg,1
part2/others/21_1_4_20170117193725542.jpg,21
part1/others/8_1_4_20170103214220325.jpg,8
part1/others/5_1_4_20161223232140509.jpg,5
part1/others/15_1_4_20170103223416559.jpg,15
part2/others/24_1_4_20170117150332484.jpg,24
part2/others/28_0_4_20170117021421106.jpg,28
part2/others/31_0_4_20170116191344848.jpg,31
part1/others/26_1_4_20170105164223948.jpg,26
part2/others/22_1_4_20170117143710577.jpg,22
part1/others/1_0_4_20161221195425649.jpg,1
part1/others/7_1_4_20161221193136085.jpg,7
part1/others/32_0_4_20170104170351168.jpg,32
part1/others/4_1_4_20170103230707056.jpg,4
part1/others/27_0_4_20170104194349352.jpg,27
part1/others/22_0_4_20170104213712014.jpg,22
part1/others/5_1_4_20161221193811941.jpg,5
part3/others/26_0_4_20170116192510762.jpg,26
part1/others/35_0_4_20170103234956580.jpg,35
part2/others/18_1_4_20170117193229357.jpg,18
part1/others/32_1_4_20170104011318584.jpg,32
part3/others/46_0_4_20170120134419847.jpg,46
part2/others/24_1_4_20170117194920763.jpg,24
part2/others/26_1_4_20170117201617637.jpg,26
part2/others/30_1_4_20170117203006317.jpg,30
part1/others/22_1_4_20170103233857003.jpg,22
part2/others/27_1_4_20170116180404068.jpg,27
part2/others/35_1_4_20170117201436958.jpg,35
part2/others/23_1_4_20170117194259323.jpg,23
part1/others/1_0_4_20161221195316815.jpg,1
part1/others/21_1_4_20170103201905647.jpg,21
part1/others/16_1_4_20170103223310543.jpg,16
part1/others/26_1_4_20170103225129568.jpg,26
part2/others/50_0_4_20170117203102320.jpg,50
part1/others/26_0_4_20170103235258756.jpg,26
part1/others/24_1_4_20170103225908457.jpg,24
part1/others/40_0_4_20170104200459608.jpg,40
part2/others/25_0_4_20170116003106425.jpg,25
part1/others/2_1_4_20170103213243276.jpg,2
part1/others/38_1_4_20170103230647441.jpg,38
part2/others/26_1_4_20170116154322277.jpg,26
part3/others/24_0_4_20170115205946148.jpg,24
part2/others/32_0_4_20170117203107295.jpg,32
part1/others/2_1_4_20161221202224681.jpg,2
part1/others/20_0_4_20170105161709125.jpg,20
part1/others/69_1_4_20170110141201824.jpg,69
part1/others/22_1_4_20170103225112465.jpg,22
part1/others/26_1_4_20161221193657350.jpg,26
part1/others/21_0_4_20161223214831392.jpg,21
part3/others/27_0_4_20170117120226377.jpg,27
part1/others/28_1_4_20170105164121996.jpg,28
part1/others/2_1_4_20161221202503449.jpg,2
part1/others/2_0_4_20161221203017368.jpg,2
part1/others/43_0_4_20170104000923085.jpg,43
part2/others/26_1_4_20170117174529702.jpg,26
part1/others/27_1_4_20170103182145377.jpg,27
part2/others/24_1_4_20170117150615516.jpg,24
part1/others/20_1_4_20170103224354767.jpg,20
part2/others/43_1_4_20170117204025030.jpg,43
part2/others/26_1_4_20170117154442702.jpg,26
part2/others/26_0_4_20170117200431437.jpg,26
part1/others/4_0_4_20161221193320742.jpg,4
part2/others/26_0_4_20170117152521052.jpg,26
part2/others/26_0_4_20170117152801765.jpg,26
part1/others/7_1_4_20170103233309314.jpg,7
part1/others/20_1_4_20170103212722908.jpg,20
part1/others/19_1_4_20170102235050099.jpg,19
part2/others/43_1_4_20170117174415686.jpg,43
part1/others/34_0_4_20170105172322132.jpg,34
part1/others/24_1_4_20170103223907208.jpg,24
part1/others/15_1_4_20170103201254359.jpg,15
part1/others/33_0_4_20170103235213148.jpg,33
part1/others/59_0_4_20170109012655318.jpg,59
part2/others/30_0_4_20170117204104479.jpg,30
part1/others/25_1_4_20170103182320042.jpg,25
part1/others/6_1_4_20161223232159876.jpg,6
part2/others/38_0_4_20170117151031427.jpg,38
part2/others/24_0_4_20170117145214993.jpg,24
part1/others/35_0_4_20170104181306061.jpg,35
part2/others/26_0_4_20170117200025445.jpg,26
part2/others/37_1_4_20170117203604479.jpg,37
part1/others/48_0_4_20170104213328405.jpg,48
part1/others/21_1_4_20161223225837372.jpg,21
part1/others/8_1_4_20170104005228631.jpg,8
part2/others/50_0_4_20170117204155370.jpg,50
part2/others/26_0_4_20170116183518793.jpg,26
part1/others/8_1_4_20170109201742209.jpg,8
part1/others/2_0_4_20170103213256420.jpg,2
part1/others/22_1_4_20170103224424415.jpg,22
part1/others/21_1_4_20170103223244111.jpg,21
part1/others/17_0_4_20170103201116511.jpg,17
part1/others/25_1_4_20161223230018963.jpg,25
part1/others/1_0_4_20161221192555965.jpg,1
part2/others/24_1_4_20170116214244943.jpg,24
part1/others/42_1_4_20170103225757192.jpg,42
part2/others/26_0_4_20170117195915493.jpg,26
part2/others/28_1_4_20170117170432153.jpg,28
part1/others/1_1_4_20170109191515501.jpg,1
part1/others/21_1_4_20170103223253239.jpg,21
part1/others/31_1_4_20170103230248753.jpg,31
part1/others/2_0_4_20161221194951087.jpg,2
part1/others/47_0_4_20170103230236105.jpg,47
part1/others/21_1_4_20170103223636607.jpg,21
part1/others/14_1_4_20170103200917543.jpg,14
part1/others/31_1_4_20161221193256437.jpg,31
part2/others/45_0_4_20170117202958949.jpg,45
part1/others/24_0_4_20170103223915799.jpg,24
part1/others/24_1_4_20170103225201704.jpg,24
part2/others/24_1_4_20170117194842219.jpg,24
part1/others/41_0_4_20170104173222571.jpg,41
part1/others/11_1_4_20170103233340363.jpg,11
part1/others/2_0_4_20161221202339874.jpg,2
part1/others/2_0_4_20161221195159831.jpg,2
part1/others/36_0_4_20170103230431017.jpg,36
part2/others/32_1_4_20170117203127032.jpg,32
part2/others/24_0_4_20170117145915428.jpg,24
part1/others/19_1_4_20170103201818104.jpg,19
part2/others/36_1_4_20170112233252616.jpg,36
part2/others/23_1_4_20170117194306603.jpg,23
part1/others/12_0_4_20170103200555927.jpg,12
part2/others/28_1_4_20170117202550286.jpg,28
part2/others/26_1_4_20170117174256614.jpg,26
part1/others/35_0_4_20170103230610313.jpg,35
part1/others/27_1_4_20170103235051403.jpg,27
part1/others/1_0_4_20161221201833209.jpg,1
part1/others/2_1_4_20170103210129538.jpg,2
part1/others/1_1_4_20170103205134402.jpg,1
part1/others/34_0_4_20170105161411273.jpg,34
part1/others/24_1_4_20170103230137338.jpg,24
part1/others/60_0_4_20170104185434246.jpg,60
part2/others/26_0_4_20170117195456708.jpg,26
part1/others/13_0_4_20170103201708406.jpg,13
part2/others/31_1_4_20170117203041312.jpg,31
part1/others/1_1_4_20170103202738552.jpg,1
part1/others/56_0_4_20170105173517933.jpg,56
part2/others/10_1_4_20170117195152197.jpg,10
part1/others/4_1_4_20170109192812215.jpg,4
part2/others/26_1_4_20170117174327119.jpg,26
part1/others/24_1_4_20170103223935080.jpg,24
part1/others/1_1_4_20161221192658892.jpg,1
part1/others/24_1_4_20170103224531167.jpg,24
part1/others/20_1_4_20170103223117967.jpg,20
part2/others/30_1_4_20170117203004549.jpg,30
part1/others/24_1_4_20170103223158047.jpg,24
part1/others/20_0_4_20170103234731301.jpg,20
part2/others/34_0_4_20170113161453036.jpg,34
part1/others/24_0_4_20170103224944762.jpg,24
part2/others/26_1_4_20170117152921443.jpg,26
part1/others/10_1_4_20170104005649671.jpg,10
part2/others/30_1_4_20170117202951902.jpg,30
part3/others/24_1_4_20170115235433094.jpg,24
part1/others/39_1_4_20170105173036253.jpg,39
part2/others/30_1_4_20170117202938776.jpg,30
part1/others/31_1_4_20170103230257785.jpg,31
part1/others/29_1_4_20170103235218684.jpg,29
part1/others/25_1_4_20170103225922392.jpg,25
part2/others/22_0_4_20170117193912061.jpg,22
part2/others/38_1_4_20170117203712774.jpg,38
part1/others/2_1_4_20161221202901201.jpg,2
part1/others/8_1_4_20161223230045701.jpg,8
part3/others/34_0_4_20170117105033191.jpg,34
part2/others/44_0_4_20170117204035832.jpg,44
part2/others/20_0_4_20170117203144623.jpg,20
part2/others/30_1_4_20170117143606826.jpg,30
part1/others/1_1_4_20170103204825447.jpg,1
part1/others/51_0_4_20170104210348196.jpg,51
part2/others/30_0_4_20170117202840206.jpg,30
part1/others/31_0_4_20170105161451773.jpg,31
part3/others/28_0_4_20170116214318093.jpg,28
part1/others/5_0_4_20170103212624758.jpg,5
part1/others/26_0_4_20170103235404028.jpg,26
part3/others/58_0_4_20170120224545639.jpg,58
part1/others/4_1_4_20170103213350292.jpg,4
part1/others/3_1_4_20170103212708915.jpg,3
part1/others/20_1_4_20170103233649970.jpg,20
part1/others/25_1_4_20170103230304689.jpg,25
part1/others/13_1_4_20170104005323135.jpg,13
part1/others/2_1_4_20170103213401125.jpg,2
part2/others/26_1_4_20170117201736159.jpg,26
part1/others/12_1_4_20170103200804119.jpg,12
part1/others/25_1_4_20170103234056789.jpg,25
part2/others/38_1_4_20170117203646323.jpg,38
part2/others/23_0_4_20170117194130117.jpg,23
part2/others/23_0_4_20170117194033772.jpg,23
part1/others/2_1_4_20170103211018347.jpg,2
part1/others/23_1_4_20170103233619053.jpg,23
part2/others/37_1_4_20170117203627007.jpg,37
part2/others/26_0_4_20170117200533197.jpg,26
part1/others/23_1_4_20170103224510895.jpg,23
part2/others/32_1_4_20170117203121712.jpg,32
part1/others/13_1_4_20170103200733438.jpg,13
part1/others/26_1_4_20161221200012536.jpg,26
part2/others/26_0_4_20170117195406973.jpg,26
part2/others/26_0_4_20170117195846957.jpg,26
part1/others/47_0_4_20170104002129509.jpg,47
part2/others/27_1_4_20170117175508442.jpg,27
part1/others/30_0_4_20170103230144585.jpg,30
part2/others/26_1_4_20170117152504299.jpg,26
part1/others/21_1_4_20170103223208902.jpg,21
part1/others/2_1_4_20161221202842353.jpg,2
part1/others/47_0_4_20170105172754348.jpg,47
part1/others/15_1_4_20170103233304142.jpg,15
part1/others/23_1_4_20170103225140728.jpg,23
part1/others/4_1_4_20161221193349166.jpg,4
part1/others/29_1_4_20170103181529824.jpg,29
part1/others/17_0_4_20170103212532692.jpg,17
part2/others/35_0_4_20170117181050987.jpg,35
part1/others/2_0_4_20170103204813658.jpg,2
part1/others/1_0_4_20170110212923157.jpg,1
part1/others/2_1_4_20161221195838329.jpg,2
part1/others/12_0_4_20170103200626630.jpg,12
part1/others/20_1_4_20161223230115267.jpg,20
part1/others/31_0_4_20170108235352933.jpg,31
part2/others/23_0_4_20170117144105491.jpg,23
part1/others/2_0_4_20161221195201991.jpg,2
part2/others/30_1_4_20170117194826836.jpg,30
part2/others/46_0_4_20170117190308338.jpg,46
part1/others/30_0_4_20170104000115245.jpg,30
part1/others/18_1_4_20161223232148173.jpg,18
part1/others/23_1_4_20170103223558799.jpg,23
part1/others/24_1_4_20170103224804680.jpg,24
part2/others/28_1_4_20170117202425055.jpg,28
part1/others/30_0_4_20170104201527594.jpg,30
part1/others/37_0_4_20170104205837940.jpg,37
part1/others/2_1_4_20161221202436617.jpg,2
part1/others/31_1_4_20170103230221721.jpg,31
part1/others/3_1_4_20170103212108940.jpg,3
part1/others/21_0_4_20161223214820169.jpg,21
part1/others/1_0_4_20170103205312818.jpg,1
part3/others/29_0_4_20170117094742046.jpg,29
part1/others/22_0_4_20170103210108168.jpg,22
part1/others/52_0_4_20170104184746311.jpg,52
part1/others/1_0_4_20161221203008320.jpg,1
part2/others/28_0_4_20170117202427928.jpg,28
part1/others/38_0_4_20170104202201977.jpg,38
part1/others/11_1_4_20161223225953124.jpg,11
part2/others/40_0_4_20170117203403479.jpg,40
part2/others/53_1_4_20170117204305136.jpg,53
part1/others/1_0_4_20161221200056240.jpg,1
part2/others/28_0_4_20170116220531686.jpg,28
part2/others/26_0_4_20170117195551948.jpg,26
part2/others/45_1_4_20170117145210923.jpg,45
part2/others/45_1_4_20170117150756260.jpg,45
part2/others/32_0_4_20170116220621484.jpg,32
part1/others/3_1_4_20161221201441793.jpg,3
part2/others/35_0_4_20170117171324867.jpg,35
part1/others/3_0_4_20161221193406126.jpg,3
part1/others/23_1_4_20170103233615355.jpg,23
part1/others/34_0_4_20170104000728781.jpg,34
part2/others/22_1_4_20170112233752904.jpg,22
part2/others/23_1_4_20170117183858768.jpg,23
part1/others/3_1_4_20170103205114064.jpg,3
part1/others/1_1_4_20161221193459566.jpg,1
part1/others/58_0_4_20170104213132981.jpg,58
part1/others/1_1_4_20161221195938992.jpg,1
part1/others/16_0_4_20170104011805376.jpg,16
part1/others/42_1_4_20170103230535913.jpg,42
part1/others/2_0_4_20161221200605305.jpg,2
part2/others/32_0_4_20170117140137322.jpg,32
part2/others/28_1_4_20170117202422103.jpg,28
part1/others/23_1_4_20170104011031984.jpg,23
part1/others/17_1_4_20170103233523157.jpg,17
part1/others/27_0_4_20170104011307960.jpg,27
part1/others/5_1_4_20161223232211710.jpg,5
part1/others/23_1_4_20170103223554895.jpg,23
part2/others/22_1_4_20170117193954085.jpg,22
part1/others/7_1_4_20161223225843468.jpg,7
part1/others/26_0_4_20170103224903432.jpg,26
part2/others/35_1_4_20170117203540087.jpg,35
part2/others/28_1_4_20170117202452072.jpg,28
part2/others/23_1_4_20170117194240867.jpg,23
part1/others/23_1_4_20170103223903439.jpg,23
part1/others/22_1_4_20170103224814016.jpg,22
part2/others/24_1_4_20170117194809365.jpg,24
part2/others/54_0_4_20170117204308977.jpg,54
part1/others/7_0_4_20161221201748793.jpg,7
part1/others/37_0_4_20170104000748917.jpg,37
part1/others/40_0_4_20170103235124292.jpg,40
part1/others/23_1_4_20170103223551622.jpg,23
part2/others/26_1_4_20170117174218966.jpg,26
part2/others/36_1_4_20170117180642329.jpg,36
part1/others/21_0_4_20170103225103768.jpg,21
part1/others/12_1_4_20170109214232071.jpg,12
part1/others/5_1_4_20161223230106795.jpg,5
part1/others/27_1_4_20170103230557794.jpg,27
part2/others/23_1_4_20170117194143181.jpg,23
part1/others/2_0_4_20170103210928251.jpg,2
part2/others/8_1_4_20170117192945532.jpg,8
part2/others/30_1_4_20170117193820102.jpg,30
part1/others/58_0_4_20170104212755933.jpg,58
part3/others/26_0_4_20170120140013888.jpg,26
part1/others/49_0_4_20170104210601356.jpg,49
part2/others/14_0_4_20170117192737955.jpg,14
part1/others/7_1_4_20170103212641884.jpg,7
part1/others/1_1_4_20161221201836401.jpg,1
part2/others/35_0_4_20170117153235020.jpg,35
part1/others/27_1_4_20170103183838762.jpg,27
part1/others/3_1_4_20170103205816397.jpg,3
part2/others/29_0_4_20170117100325932.jpg,29
part1/others/24_1_4_20170104005530664.jpg,24
part2/others/35_1_4_20170117201724582.jpg,35
part1/others/45_0_4_20170104210403467.jpg,45
part1/others/1_1_4_20161221194943920.jpg,1
part1/others/3_1_4_20161221192909421.jpg,3
part1/others/80_1_4_20170110184132973.jpg,80
part1/others/15_1_4_20170103214742821.jpg,15
part1/others/17_1_4_20170103233515202.jpg,17
part2/others/26_0_4_20170113175636526.jpg,26
part2/others/8_0_4_20170117133054476.jpg,8
part1/others/21_0_4_20170103210434754.jpg,21
part1/others/3_0_4_20161221202214969.jpg,3
part1/others/5_1_4_20170103210023178.jpg,5
part2/others/36_1_4_20170117135904020.jpg,36
part2/others/30_1_4_20170117203012791.jpg,30
part1/others/25_0_4_20170103230228713.jpg,25
part1/others/7_1_4_20161221202624721.jpg,7
part1/others/16_0_4_20161221200238647.jpg,16
part1/others/2_0_4_20161221202432089.jpg,2
part1/others/16_0_4_20170103201427977.jpg,16
part1/others/27_0_4_20170103234827428.jpg,27
part1/others/1_1_4_20161221200113728.jpg,1
part2/others/45_0_4_20170117200837845.jpg,45
part1/others/58_0_4_20170104002248350.jpg,58
part1/others/25_1_4_20170103223722679.jpg,25
part1/others/4_1_4_20161223232228388.jpg,4
part1/others/10_0_4_20161221192738446.jpg,10
part1/others/52_0_4_20170104212325060.jpg,52
part1/others/31_0_4_20170103235207122.jpg,31
part2/others/35_0_4_20170116191747403.jpg,35
part2/others/39_1_4_20170117203758344.jpg,39
part1/others/29_0_4_20170103235840396.jpg,29
part1/others/1_0_4_20161221194937848.jpg,1
part1/others/46_0_4_20170104183938014.jpg,46
part1/others/30_1_4_20170103181233632.jpg,30
part1/others/1_1_4_20161223225921227.jpg,1
part1/others/5_0_4_20170103224719055.jpg,5
part1/others/8_1_4_20170109202753127.jpg,8
part1/others/8_1_4_20170109202358152.jpg,8
part2/others/2_1_4_20170117193349661.jpg,2
part2/others/20_0_4_20170113133058865.jpg,20
part1/others/1_1_4_20161221201827921.jpg,1
part1/others/2_1_4_20161221201820529.jpg,2
part1/others/20_1_4_20170103225902242.jpg,20
part1/others/1_0_4_20161221195039712.jpg,1
part1/others/13_1_4_20170104005210478.jpg,13
part2/others/13_1_4_20170117200640357.jpg,13
part1/others/7_1_4_20161221193133117.jpg,7
part2/others/26_1_4_20170117201912672.jpg,26
part1/others/46_0_4_20170105162327242.jpg,46
part1/others/27_0_4_20161219194059843.jpg,27
part1/others/1_0_4_20161221202127697.jpg,1
part2/others/50_1_4_20170117203355296.jpg,50
part2/others/24_0_4_20170117194540395.jpg,24
part1/others/21_1_4_20170103224936983.jpg,21
part1/others/29_0_4_20170104200952009.jpg,29
part2/others/26_1_4_20170117202038959.jpg,26
part1/others/32_1_4_20170103230129305.jpg,32
part1/others/28_1_4_20170103225940625.jpg,28
part2/others/35_0_4_20170117153332974.jpg,35
part1/others/1_0_4_20161221193434166.jpg,1
part1/others/20_1_4_20170104005353062.jpg,20
part1/others/2_1_4_20161221202644800.jpg,2
part2/others/26_1_4_20170117200301221.jpg,26
part1/others/12_0_4_20170103201824880.jpg,12
part2/others/29_1_4_20170117123747223.jpg,29
part1/others/1_0_4_20161221193531198.jpg,1
part1/others/26_0_4_20170105163503003.jpg,26
part1/others/4_1_4_20161223230002625.jpg,4
part1/others/34_1_4_20170103230336761.jpg,34
part1/others/1_0_4_20161221201753176.jpg,1
part1/others/24_1_4_20170103235057348.jpg,24
part2/others/35_1_4_20170117203429672.jpg,35
part1/others/4_1_4_20170109191636106.jpg,4
part2/others/24_1_4_20170117150635877.jpg,24
part1/others/15_0_4_20170103201013615.jpg,15
part2/others/32_1_4_20170117203133752.jpg,32
part2/others/35_1_4_20170113182827279.jpg,35
part1/others/42_0_4_20170104202505130.jpg,42
part1/others/1_1_4_20161221195027223.jpg,1
part2/others/24_1_4_20170116220449622.jpg,24
part1/others/23_1_4_20161223230013995.jpg,23
part2/others/26_0_4_20170116193007097.jpg,26
part2/others/20_0_4_20170117193505639.jpg,20
part1/others/17_0_4_20170103201055366.jpg,17
part2/others/35_1_4_20170117203326008.jpg,35
part1/others/35_1_4_20170109003348401.jpg,35
part1/others/24_1_4_20170103230402800.jpg,24
part1/others/38_1_4_20170105173608614.jpg,38
part2/others/26_0_4_20170117200446422.jpg,26
part2/others/25_1_4_20170117195158652.jpg,25
part1/others/42_0_4_20170104204413955.jpg,42
part1/others/24_1_4_20170103223954911.jpg,24
part1/others/29_0_4_20170108223951591.jpg,29
part1/others/8_1_4_20170103200403187.jpg,8
part1/others/1_0_4_20170103210731970.jpg,1
part1/others/18_0_4_20170103201550447.jpg,18
part1/others/41_0_4_20170104185252334.jpg,41
part1/others/15_1_4_20170103234910356.jpg,15
part2/others/21_1_4_20170117193741701.jpg,21
part1/others/75_0_4_20170111205047952.jpg,75
part1/others/3_0_4_20170103210604324.jpg,3
part1/others/2_1_4_20170103202812009.jpg,2
part1/others/6_0_4_20161221192637277.jpg,6
part1/others/4_0_4_20161221193322159.jpg,4
part1/others/7_1_4_20161223232252196.jpg,7
part3/others/6_1_4_20170119204208503.jpg,6
part1/others/27_1_4_20170103223631359.jpg,27
part2/others/23_1_4_20170117144906730.jpg,23
part2/others/43_1_4_20170117204026648.jpg,43
part3/others/25_1_4_20170119164406148.jpg,25
part2/others/25_0_4_20170114034244572.jpg,25
part2/others/28_1_4_20170117202541845.jpg,28
part1/others/4_0_4_20161221202233593.jpg,4
part1/others/4_1_4_20170103210522819.jpg,4
part2/others/26_1_4_20170117153408062.jpg,26
part1/others/38_0_4_20170104202009825.jpg,38
part2/others/30_0_4_20170117194418932.jpg,30
part1/others/6_1_4_20170103233146667.jpg,6
part1/others/1_0_4_20170103202326832.jpg,1
part2/others/26_1_4_20170117201454965.jpg,26
part1/others/12_1_4_20170104011715593.jpg,12
part1/others/1_1_4_20170109193938953.jpg,1
part1/others/25_1_4_20170103210241074.jpg,25
part1/others/21_1_4_20170103223150726.jpg,21
part1/others/41_0_4_20170104205137196.jpg,41
part2/others/29_0_4_20170117202712541.jpg,29
part2/others/27_1_4_20170116211825926.jpg,27
part2/others/30_0_4_20170117153249558.jpg,30
part1/others/32_1_4_20170103225047472.jpg,32
part1/others/18_0_4_20170103205858722.jpg,18
part1/others/16_1_4_20170103201025695.jpg,16
part1/others/47_1_4_20170104181336102.jpg,47
part2/others/14_0_4_20170117204503401.jpg,14
part2/others/26_0_4_20170116192438997.jpg,26
part2/others/45_0_4_20170117204342880.jpg,45
part1/others/32_0_4_20170105163336092.jpg,32
part1/others/21_1_4_20170103225212711.jpg,21
part1/others/2_0_4_20170103210801579.jpg,2
part2/others/36_1_4_20170117203519312.jpg,36
part2/others/24_1_4_20170117194337597.jpg,24
part2/others/20_0_4_20170117193437251.jpg,20
part2/others/14_0_4_20170117193432868.jpg,14
part1/others/39_0_4_20170103235633060.jpg,39
part1/others/29_1_4_20170103163340489.jpg,29
part1/others/1_0_4_20161221202132305.jpg,1
part1/others/2_0_4_20161221201843169.jpg,2
part2/others/23_1_4_20170117194317100.jpg,23
part1/others/6_0_4_20161221200807209.jpg,6
part2/others/23_0_4_20170117194102020.jpg,23
part2/others/36_0_4_20170113133645566.jpg,36
part2/others/24_0_4_20170117194435668.jpg,24
part2/others/24_1_4_20170117145459404.jpg,24
part1/others/25_1_4_20170103230205288.jpg,25
part2/others/26_1_4_20170117173903318.jpg,26
part1/others/19_0_4_20170102233259362.jpg,19
part1/others/85_1_4_20170110184012572.jpg,85
part1/others/17_1_4_20170104011834409.jpg,17
part1/others/15_1_4_20170103222927064.jpg,15
part2/others/26_1_4_20170117153657309.jpg,26
part1/others/24_1_4_20170103235745076.jpg,24
part1/others/30_1_4_20170109135421119.jpg,30
part1/others/22_1_4_20170103233642227.jpg,22
part1/others/29_1_4_20170103230245713.jpg,29
part2/others/28_0_4_20170117020639219.jpg,28
part1/others/66_0_4_20170104185439302.jpg,66
part1/others/4_1_4_20161220223001930.jpg,4
part2/others/35_0_4_20170117204355896.jpg,35
part1/others/4_1_4_20161221200021608.jpg,4
part1/others/2_1_4_20170103205101618.jpg,2
part1/others/19_0_4_20170103234723267.jpg,19
part1/others/40_0_4_20170108231125827.jpg,40
part2/others/48_0_4_20170117163407198.jpg,48
part3/others/31_0_4_20170116193338756.jpg,31
part1/others/27_0_4_20170103235757172.jpg,27
part2/others/26_1_4_20170117153828843.jpg,26
part1/others/23_1_4_20161223214744290.jpg,23
part1/others/16_1_4_20170103201700919.jpg,16
part2/others/24_0_4_20170113151020448.jpg,24
part1/others/27_0_4_20170104002159117.jpg,27
part1/others/28_0_4_20170105162459467.jpg,28
part1/others/14_0_4_20170103205138666.jpg,14
part1/others/8_1_4_20170103212955884.jpg,8
part1/others/1_0_4_20161221192548675.jpg,1
part1/others/1_1_4_20170103212653844.jpg,1
part2/others/25_0_4_20170113180523812.jpg,25
part2/others/26_1_4_20170117143809650.jpg,26
part2/others/26_0_4_20170117153449084.jpg,26
part2/others/50_0_4_20170117203237079.jpg,50
part1/others/28_0_4_20170109002937845.jpg,28
part2/others/26_0_4_20170116182250630.jpg,26
part1/others/32_0_4_20170104000716333.jpg,32
part2/others/26_0_4_20170117200017039.jpg,26
part1/others/1_1_4_20161221202604641.jpg,1
part2/others/26_1_4_20170117154137164.jpg,26
part1/others/31_1_4_20170103224732417.jpg,31
part1/others/26_0_4_20170103235427740.jpg,26
part1/others/1_0_4_20161221192550798.jpg,1
part1/others/6_1_4_20170103230723185.jpg,6
part2/others/28_0_4_20170116183505479.jpg,28
part2/others/40_0_4_20170117135456629.jpg,40
part1/others/3_1_4_20161223231741788.jpg,3
part2/others/34_1_4_20170113011428472.jpg,34
part2/others/31_1_4_20170112235504601.jpg,31
part3/others/55_0_4_20170120134239783.jpg,55
part1/others/31_1_4_20170103234105597.jpg,31
part1/others/7_1_4_20170103230718288.jpg,7
part1/others/14_0_4_20170103201644927.jpg,14
part1/others/42_1_4_20170109002558079.jpg,42
part1/others/1_1_4_20161221192830036.jpg,1
part2/others/45_0_4_20170117204242833.jpg,45
part1/others/1_1_4_20161221200049328.jpg,1
part2/others/35_0_4_20170117141858070.jpg,35
part1/others/7_1_4_20161224002213337.jpg,7
part2/others/82_0_4_20170117190644623.jpg,82
part1/others/32_1_4_20170103180839999.jpg,32
part3/others/35_0_4_20170116214549746.jpg,35
part1/others/2_1_4_20170103210830609.jpg,2
part1/others/1_0_4_20161221201527169.jpg,1
part1/others/1_1_4_20170109194502921.jpg,1
part1/others/22_0_4_20170103234043547.jpg,22
part1/others/21_0_4_20161223214825003.jpg,21
part1/others/17_1_4_20170103222931966.jpg,17
part2/others/26_1_4_20170117154150500.jpg,26
part1/others/1_1_4_20161221195941912.jpg,1
part1/others/28_0_4_20170103235229669.jpg,28
part1/others/12_0_4_20170103200538198.jpg,12
part2/others/40_0_4_20170113183427182.jpg,40
part1/others/2_1_4_20161221200336416.jpg,2
part2/others/26_1_4_20170117201457622.jpg,26
part1/others/1_1_4_20161221193419158.jpg,1
part2/others/26_1_4_20170117201548014.jpg,26
part1/others/1_0_4_20170103202356872.jpg,1
part2/others/26_1_4_20170117174310909.jpg,26
part1/others/16_1_4_20170103214347949.jpg,16
part1/others/12_1_4_20161223230033380.jpg,12
part1/others/19_1_4_20170103234123155.jpg,19
part2/others/26_1_4_20170117152911110.jpg,26
part1/others/2_1_4_20170103213208251.jpg,2
part2/others/17_1_4_20170117193142374.jpg,17
part1/others/21_1_4_20161221193302541.jpg,21
part2/others/23_0_4_20170117194059597.jpg,23
part1/others/2_1_4_20161221192754807.jpg,2
part1/others/31_1_4_20161221193717222.jpg,31
part2/others/35_1_4_20170117203828719.jpg,35
part1/others/17_1_4_20170103233548115.jpg,17
part2/others/25_0_4_20170117155154894.jpg,25
part1/others/28_0_4_20170109002923202.jpg,28
part1/others/1_0_4_20161221195857728.jpg,1
part1/others/2_0_4_20170103205108602.jpg,2
part1/others/24_1_4_20170103223940759.jpg,24
part1/others/29_1_4_20170105171748652.jpg,29
part2/others/26_0_4_20170117153243021.jpg,26
part1/others/22_1_4_20170103225813392.jpg,22
part2/others/45_1_4_20170117203805390.jpg,45
part2/others/26_1_4_20170117154327501.jpg,26
part2/others/26_1_4_20170117200442221.jpg,26
part1/others/19_0_4_20170103201854223.jpg,19
part1/others/2_1_4_20161221201419633.jpg,2
part1/others/37_0_4_20170104000927484.jpg,37
part1/others/1_1_4_20161221202026104.jpg,1
part1/others/39_1_4_20170109002712574.jpg,39
part1/others/38_1_4_20170109002426534.jpg,38
part2/others/30_0_4_20170113133601952.jpg,30
part2/others/26_1_4_20170117201612869.jpg,26
part2/others/26_0_4_20170117195722036.jpg,26
part1/others/40_1_4_20170103230416025.jpg,40
part1/others/46_1_4_20170105170029053.jpg,46
part1/others/1_1_4_20161221193234997.jpg,1
part2/others/65_1_4_20170117185548913.jpg,65
part1/others/1_0_4_20161221200034160.jpg,1
part1/others/27_1_4_20170103181806561.jpg,27
part1/others/34_1_4_20170104165941169.jpg,34
part1/others/16_1_4_20170102234841875.jpg,16
part1/others/21_0_4_20161223214826657.jpg,21
part2/others/31_1_4_20170112235052769.jpg,31
part2/others/45_0_4_20170117203301774.jpg,45
part1/others/2_1_4_20170103210946139.jpg,2
part2/others/29_0_4_20170117202710430.jpg,29
part1/others/33_1_4_20170103181754609.jpg,33
part2/others/38_1_4_20170116233353646.jpg,38
part1/others/28_1_4_20170103181212270.jpg,28
part1/others/10_0_4_20170103200501766.jpg,10
part1/others/45_0_4_20170108230309811.jpg,45
part2/others/30_0_4_20170117154305388.jpg,30
part1/others/24_1_4_20170103223911478.jpg,24
part1/others/2_0_4_20170103212058572.jpg,2
part2/others/28_0_4_20170116182445736.jpg,28
part1/others/8_1_4_20170103233220163.jpg,8
part2/others/35_0_4_20170113133347977.jpg,35
part2/others/26_1_4_20170117153702405.jpg,26
part1/others/7_0_4_20170103205144794.jpg,7
part1/others/14_0_4_20170103201105568.jpg,14
part1/others/22_1_4_20170104001853773.jpg,22
part1/others/2_0_4_20161221202954025.jpg,2
part1/others/26_1_4_20170103225125224.jpg,26
part1/others/4_1_4_20170109191223274.jpg,4
part2/others/66_1_4_20170117091830720.jpg,66
part1/others/15_1_4_20170104005847968.jpg,15
part1/others/17_1_4_20170103212235036.jpg,17
part2/others/26_0_4_20170117153706349.jpg,26
part2/others/26_1_4_20170117201953681.jpg,26
part2/others/26_0_4_20170117152317187.jpg,26
part1/others/28_1_4_20170103182235849.jpg,28
part1/others/23_1_4_20170103225807185.jpg,23
part1/others/11_1_4_20170103212554964.jpg,11
part1/others/27_0_4_20170103235026964.jpg,27
part1/others/5_0_4_20161221200001464.jpg,5
part1/others/24_1_4_20170102233433610.jpg,24
part2/others/27_0_4_20170117150054594.jpg,27
part1/others/26_1_4_20170103230004440.jpg,26
part1/others/28_0_4_20170103184156947.jpg,28
part1/others/17_1_4_20170103234147843.jpg,17
part2/others/26_0_4_20170117153355923.jpg,26
part2/others/24_1_4_20170117194852596.jpg,24
part1/others/2_0_4_20170103210452250.jpg,2
part1/others/1_0_4_20170103205838610.jpg,1
part2/others/25_1_4_20170117195141428.jpg,25
part1/others/26_0_4_20170104170011130.jpg,26
part2/others/33_0_4_20170117202448894.jpg,33
part1/others/27_1_4_20170103225912217.jpg,27
part1/others/8_1_4_20170103210016155.jpg,8
part1/others/18_1_4_20170103223304623.jpg,18
part2/others/24_1_4_20170117194833796.jpg,24
part1/others/44_1_4_20170104170219257.jpg,44
part1/others/9_1_4_20170103213057382.jpg,9
part2/others/24_1_4_20170117150458348.jpg,24
part2/others/26_1_4_20170117201456142.jpg,26
part3/others/30_0_4_20170120133906735.jpg,30
part2/others/40_0_4_20170117013731866.jpg,40
part1/others/2_0_4_20170103202407440.jpg,2
part1/others/28_0_4_20170109140345949.jpg,28
